company_name,website,employee_count,insights,personalized_message
Vibeosys Software Pvt Ltd,https://www.vibeosys.com,30,"['Top mobile app development company Denmark, USA, Australia | Vibeosys', 'Vibeosys Software is a top mobile app development company in Denmark, USA and Australia. Offering services in web, android, iOS and iPad app development.', 'About Vibeosys â€“ Mobile app development specialist']","Subject: Collaboration Opportunity for Tailored Solutions

Dear Vibeosys Team,

At [Your Hardware Store Name], we specialize in providing cutting-edge computer hardware solutions to businesses. We've been following Vibeosys Software Pvt Ltd's impressive mobile app development services and believe our offerings can complement your expertise.

We'd like to explore potential collaboration opportunities to offer customized solutions that integrate our hardware with your software expertise. Together, we could create innovative, holistic solutions for your clients. If you're interested in discussing further, please let us know and we'll schedule a call to explore possibilities.

Best regards,
[Your Name]"
Wide Softech Pvt Ltd,https://widesoftech.com/,25,"['Best Software Company And IT Services Provider In Nagpur-Widesoftech', 'Widesoftech training in Nagpur provides training courses in IT software, Computer Hardware & Networking, and Management with a strong base of placement support, real-time trainers with working experience in MNC companies, and custom - made training curriculum to meet the career objectives of students and working professionals.']","Subject: Tailored IT Solutions for Your Software Needs

Dear [Recipient's Name],

I came across Wide Softech Pvt Ltd and was impressed by the range of IT services and training programs you offer. As the owner of a hardware computer store, I'd like to introduce our tailored solutions to complement your software offerings.

Our store provides custom-built computers, networking solutions, and hardware upgrades that cater to the specific needs of software professionals. We've worked with numerous clients in Nagpur, delivering efficient and reliable IT infrastructure.

I'd be happy to discuss how our solutions can enhance your software services. Please let me know if you're interested in learning more.

Best regards,
[Your Name]"
Equations Work It Services Pvt. Ltd,https://www.eqw.ai,40,"['Could not scrape (HTTPSConnectionPool(host=\'www.eqw.ai\', port=443): Max retries exceeded with url: / (Caused by SSLError(SSLCertVerificationError(1, ""[SSL: CERTIFICATE_VERIFY_FAILED] certificate verify failed: Hostname mismatch, certificate is not valid for \'www.eqw.ai\'. (_ssl.c:1028)""))))']","Subject: Collaborative Opportunities for Enhanced Performance

Dear Equations Work It Services Pvt. Ltd Team,

As a leading hardware computer store, we specialize in providing tailored solutions to businesses like yours that rely on advanced software infrastructure. With a deep understanding of the intricate relationships between hardware and software, our team can help optimize your operations for improved efficiency and productivity.

We'd be delighted to discuss potential collaborations that cater to your specific needs. Our expertise spans a range of services, from system upgrades to customized hardware configurations. Please let us know if you're interested in exploring how our solutions can benefit your organization.

Best regards,
[Your Name]"
Prometteur Solutions Pvt Ltd,https://prometteursolutions.com/,35,"['Top Mobile and Web App Development Company USA, India - Prometteur Solutions', 'Prometteur Solutions is top mobile and web app development company in India and USA. We offer innovation, rapid prototyping and at-scale implementation for your enterprise at the most affordable rates.', 'Your Global Partner for User-First Solutions']","Subject: Unlock Innovative Solutions with Tailored Hardware

Dear [Recipient's Name],

As a top mobile and web app development company, Prometteur Solutions Pvt Ltd has consistently showcased its expertise in delivering user-first solutions. At [Your Hardware Store's Name], we believe that innovative technology should be backed by robust hardware. We'd like to collaborate with your team to provide tailored hardware solutions that seamlessly integrate with your software applications. Our goal is to empower businesses like yours with efficient, scalable, and cost-effective hardware infrastructure. Let's discuss how we can work together to drive growth and success. I look forward to hearing from you.

Best regards,
[Your Name]"
Teqrox Solutions LLP,https://www.teqrox.com,22,"['TEQROX | A Global Technology Group offering IT Services & Consulting', 'Experience Excellence with Teqrox a Global Technology Group. IT, Marketing, and Resourcing Services that create immediate and long-term value for your business', 'We are a Stack ofDigital Innovators']","Subject: Tailored IT Solutions for Enhanced Business Performance

Dear Teqrox Solutions LLP Team,

I came across your work at Teqrox and was impressed by your commitment to delivering IT services and consulting excellence. As a hardware computer store, we specialize in providing our clients with tailored solutions to meet their unique business needs.

We'd love to explore potential collaboration opportunities that combine our expertise in hardware with your expertise in software. By working together, we can create seamless and efficient IT ecosystems that drive business growth and success.

I'd be delighted to schedule a call to discuss further.

Best regards,
[Your Name]"
